,title,news_url
0,The Nigerian military opened fire on peaceful protesters in Lagos this evening. They were protesting police brutality. #EndSARS,https://v.redd.it/csd64na8yau51
1,"The Nigerian Police Force and the Nigerian Military are currently shooting at peaceful protesters at Lekki, Lagos Nigeria.",https://www.reddit.com/r/policebrutality/comments/jewxy4/the_nigerian_police_force_and_the_nigerian/
2,When the police don't want anyone to film their brutality... they brutalize the person filming too.,https://www.reddit.com/r/Whatcouldgowrong/comments/jenfyr/wcgw_recording_a_police_scene/?utm_medium=android_app&utm_source=share
3,Creating awareness for Nigerians,https://v.redd.it/mh7qt17qd9u51
4,Wow,https://v.redd.it/a0ksjd1rg8u51
5,End police brutality in Nigeria,https://v.redd.it/doek8hh539u51
6,police officers arrest Chishimba Kambwili's wife and daughter,https://www.youtube.com/watch?v=NID4m9LI2Bg&feature=share
7,FAIRFAX COUNTY PD FAILED COVER-UP: Victim's FIRST Interview!!,https://www.youtube.com/watch?v=rI8ckQdGuro&feature=youtu.be
8,I love it when people start to wake up.,https://i.redd.it/68i54kj4x2u51.jpg
9,India Lockdown,https://www.facebook.com/suren704/videos/877070429471524/?t=0
10,Complied clippings of some of the police brutality I've caught on camera in 2020.,https://www.youtube.com/watch?v=ljqzGuNaHvw&t=1s
11,Seattle Police Officer Gets Torched,https://www.youtube.com/watch?v=-1r3tJSWGu4&feature=share
12,Is it legal for cops to beat you up,https://www.reddit.com/r/policebrutality/comments/jd0811/is_it_legal_for_cops_to_beat_you_up/
13,"Sadistic, Corrupt Police, Prosecutors & Gov't Officials' Criminal Misconduct Affects All Races, Genders & Ages - Their Evil War Against Innocent Victims, Honor & JUSTICE Has Been Tolerated FAR TOO LONG. IT's Time to Put These Criminals In Jail for Their Crimes, Treason, Victim Smearing CRIMES!!!!",https://www.reddit.com/r/policebrutality/comments/jcbj52/sadistic_corrupt_police_prosecutors_govt/
14,San Diego sheriffs video of deadly shooting of DUI suspect in Chula Vist...,https://www.youtube.com/watch?v=hvg7Qmy7wNU&feature=share
15,"Say her name, interview with boyfriend",https://youtu.be/OUP6T8FSdRk
16,Manâ€™s eye â€˜explodedâ€™ after being struck by LAPD projectile fired at Lakers revelers,https://ktla.com/news/local-news/mans-eye-exploded-after-being-struck-by-lapd-projectile-fired-at-lakers-revelers/?fbclid=IwAR3DVzGFWkl1IX6ihVtsC4ndc5aOsUggTuOue9s8cHHWzWihjQrvTa_K9HY
17,Chilean Police always follows Protocol,https://i.redd.it/pjtnt6vk9at51.jpg
18,Movement wins arrest of Texas cop who killed Jonathan Price,https://www.liberationnews.org/movement-wins-arrest-of-texas-cop-who-killed-jonathan-price/
19,An ex-cop explaining just how corrupt the police really are.,https://youtu.be/PG_xHE9LLsc
20,Taylor PD swarms and assault a man after he pulls over.,https://v.redd.it/p6b2gestv5t51
21,"October 22, 2019. Canadian police beat me and called it justice. Dislocated my shoulder, now I need surgery. Goodbye trade jobs.",https://www.reddit.com/gallery/jbhoyu
22,"Homeless guy is a human too, don't be like these people",https://v.redd.it/sfv6xze5d0t51
23,Article on a presentation given by Oxnard activists over the history of police brutality in the city,https://www.reddit.com/r/policebrutality/comments/jarnqv/article_on_a_presentation_given_by_oxnard/
24,Cop chose the wrong biker to assault,https://v.redd.it/b4q8fxn647s51
25,Anybody notice that this story went away and the trial never happened?,https://www.google.com/amp/s/www.brown-watch.com/brownwatch-news/2019/6/2/georgia-cop-who-initially-got-away-with-brutally-beating-homeless-woman-now-faces-felony-charges-thanks-to-video-footage%3fformat=amp
26,"Billy Porter ""For What It's Worth"" - Black Lives Matter",https://www.youtube.com/watch?v=9jeJumXXbNo&feature=share
27,NYPD Cop Exposes Corruption In Own Precinct,https://www.reddit.com/r/policebrutality/comments/ja3zbj/nypd_cop_exposes_corruption_in_own_precinct/
28,Keep yourself safe from state repression at protests! Leave your phone at home!,https://www.reddit.com/r/policebrutality/comments/ja1z8u/keep_yourself_safe_from_state_repression_at/
29,Former Philadelphia cop charged with murder of unarmed man,/user/NationofChange/comments/j9wtbw/former_philadelphia_cop_charged_with_murder_of/
30,Police Brutality in Nigeria #Endsars,https://www.reddit.com/r/policebrutality/comments/j9q3jx/police_brutality_in_nigeria_endsars/
31,Police Brutality in Nigeria #Endsars,https://www.reddit.com/r/policebrutality/comments/j9q3h4/police_brutality_in_nigeria_endsars/
32,Police Brutality Exposed?,https://www.reddit.com/r/policebrutality/comments/j8t85r/police_brutality_exposed/
33,Ilhan Omar for justice,https://i.redd.it/prdjejpxr9s51.png
34,#EndSars in Nigeria ðŸ‡³ðŸ‡¬,https://www.reddit.com/gallery/j8gxfy
35,Mesa police body camera footage show the shooting death of Angel Benitez,https://www.youtube.com/watch?v=bRiny0f0tlk&feature=share
36,Protests after no charges for officer in Black teen shooting,https://www.youtube.com/watch?v=qa1IkmDLzN4
37,A stunning 33% of Democrats and 36% of Republicans believe political violence is acceptable if their side looses the election!,https://youtu.be/Nn6dh5OhgWE
38,Court Makes Sure the Public Has No Idea Where Derek Chauvin Is After Former Copâ€™s Release from Jail,https://lawandcrime.com/george-floyd-death/court-makes-sure-the-public-has-no-idea-where-derek-chauvin-is-after-former-cops-release-from-jail/
39,Texas police officer fired after shooting unarmed man,/user/NationofChange/comments/j82v13/texas_police_officer_fired_after_shooting_unarmed/
40,"West Bengal, India",https://v.redd.it/u6se2cuks0s51
41,"Reddit Anti-Evil Operations, Post Removal, Moderation",https://www.reddit.com/r/policebrutality/comments/j7qg27/reddit_antievil_operations_post_removal_moderation/
42,Reparations for Jonathan Price and His Family from the DA AND AG of Texas and Hunt County,https://www.change.org/p/noble-d-walker-financial-reparations-for-jonathan-price-s-family-from-hunt-county-texas-da-s-office?utm_content=cl_sharecopy_25145260_en-US%3A2&recruiter=1155471116&utm_source=share_petition&utm_medium=copylink&utm_campaign=tap_basic_share
43,Southeast Area OIS,https://www.youtube.com/watch?v=Pkz5Y8Nbi6Y&feature=share
44,Hollywood Area LAPD Use Of Force,https://www.youtube.com/watch?v=yVYK9f9peNM&feature=share
45,Unreal,https://www.facebook.com/VinniePolitanCourtTV/videos/761023214744437/?sfnsn=mo
46,"Our tears , journey and we shall over come.Narrative is in Bengali language.",https://youtu.be/Trmsccw4K_s
47,Harbor Area OIS Cop Gets Jumped In Police Station,https://www.youtube.com/watch?v=45cnylfVTYQ&feature=share
48,"Police Beating up a running protester in Jakarta, Indonesia.",https://www.reddit.com/r/policebrutality/comments/j6v9jk/police_beating_up_a_running_protester_in_jakarta/
49,New footage released- BODY CAM,https://youtu.be/1lbdXJx2CtQ
50,Oscar Grant was killed by the Transit Police unjustly!,https://www.reddit.com/r/policebrutality/comments/j63fn8/oscar_grant_was_killed_by_the_transit_police/
51,"Jonathan Price shooting: Texas officer charged with murder after killing 31-year-old Black man who tried to intervene in a dispute, attorney says",https://www.msn.com/en-us/news/us/jonathan-price-shooting-texas-officer-arrested-after-killing-31-year-old-black-man-who-tried-to-intervene-in-a-dispute-attorney-says/ar-BB19Kkc7?ocid=ob-fb-enus-580
52,Wolfe City officer charged with murder in fatal shooting of Jonathan Price,https://www.kltv.com/2020/10/05/wolfe-city-officer-charged-with-murder-fatal-shooting-jonathan-price/
53,Is there a sub called policestupidity?,https://v.redd.it/k0g2eotcu7r51
54,Two cops assaulted a man in his hospital bed,https://v.redd.it/4hqg23q1p7r51
55,Arizona - K9 deployment on compliance,https://v.redd.it/tga48mm0m7r51
56,Four cops lose their job after kicking and punching an innocent car accident victim,https://newyork.cbslocal.com/2019/11/14/jersey-city-police-misconduct-sentencing/
57,"Chilean Police throws boy, 16, off a bridge during protests.",https://www.theguardian.com/world/2020/oct/03/chilean-police-throw-boy-16-off-bridge-during-protests?fbclid=IwAR0npc0lx7IsBb32T98-yHHQ9ZKpIFPK0wF7UaVH_kOK9dernRW9IfmkRWA
58,Houston protesters demand accountability after recent spate of racist police killings,https://www.liberationnews.org/houston-protesters-demand-accountability-after-recent-spate-of-racist-police-killings/
59,Police: Reform? Defund? Abolish?,https://m.youtube.com/watch?v=ik2xZEgoReE
60,Cop chases protestor and tackles him off bridge in Santiago de Chile,https://v.redd.it/65mdh34dewq51
61,COPS INVESTIGATING EACH OTHER,https://www.reddit.com/r/policebrutality/comments/j4ftzh/cops_investigating_each_other/
62,Good Point,https://i.redd.it/2ju2pwxk7sq51.png
63,Trooper who caused fatal crash involving child and teen is son of Louisiana State Police head,https://www.theadvocate.com/baton_rouge/news/article_4acc1554-04ca-11eb-85cc-a3cdd53f0a51.html
64,Ambushed LASD Officers May Have Ties to Law Enforcement Gang That Killed Teenager in June,https://ushypocrisy.com/2020/10/02/ambushed-lasd-officers-may-have-ties-to-law-enforcement-gang-that-killed-teenager-in-june/
65,This is difficult to watch,https://v.redd.it/b7sat3tikjq51
66,"Apparently, wheel chair is no excuse",https://v.redd.it/wlvwe6gykkq51
67,Excessive force intervention Law Signed!,https://www.reddit.com/r/policebrutality/comments/j38zht/excessive_force_intervention_law_signed/
68,"I thought this was interesting given everything that's happening in Buffalo NY right now. Police no longer need to wear their name tags, just a number... Like that doesn't sound like some future dystopian shit.",https://www.cnn.com/2020/09/25/us/buffalo-police-officers-no-name-badge-trnd/index.html
69,Call the cops - Rob Hustle (SUBTITULADO),https://www.youtube.com/watch?v=KgGPXOn9qJs&feature=share
70,THE WHEREABOUTS OF ROY LEESHUN WILLIAMS - The Finale,https://www.youtube.com/watch?v=D8LEtUkVzHI
71,"Rouen, France",https://v.redd.it/m9b227to29q51
72,"Alabama bastard cop David Rose was recorded on an in-car system while he choked NFL player Desmond Marrow, but did not plan on reporting it.",https://www.youtube.com/watch?v=ECkqw6d_rpE
73,He should be fired,https://i.redd.it/ztj71hagc5q51.jpg
74,She was killed by in many other ways,https://i.redd.it/cnk9n9pjm2q51.png
75,"Portland, Oregon Sep 24 - Police Push Person to Ground as Riot Declared in Wake of Breonna Taylor Decision",https://v.redd.it/ohhiq16kutp51
76,YEAR 2020,https://www.reddit.com/r/policebrutality/comments/j0ow7k/year_2020/
77,ARE YOU ON PROBATION? STANDOFF WITH ELK GROVE POLICE (Part 1),https://youtu.be/WA228cdyUa4
78,Police uses his riot shield to repeatedly try to break restrained protester's ankle,https://twitter.com/savannimalz/status/1309774662851731457
79,"APD trapped and started arresting peaceful protestors on a bridge in Edgewood, but they still called in SWAT because they wanted to use their new tear gas. (Radio Traffic)",https://www.atlscanner.com/swat-new-gas-9-25-20/?fbclid=IwAR35POtVBzP4Byt19gO2pzzmO8R3JV0TDoqzKzSrSk9NEvaftgGQLo-LkXg
80,"Enough is enough: No more tears - Contribute your words to the suppression of human rights, minorities, childrenâ€™s rights, or ethnic or religious rights in your country.",https://www.frsthand.com/story/enough-is-enough-no-more-tears
81,Jacksonville police officer beats an already detained woman unconscious as fellow officers watch. He was later sentenced to 1 day in jail and fined $655.,https://youtube.com/watch?v=kF9jeh_-7RA
82,Article on the state repression happening in Colorado!,https://www.reddit.com/r/policebrutality/comments/izqrv5/article_on_the_state_repression_happening_in/
83,Seattle Police Officer Pushes Bike Over Man's Head as He Lies on Ground ...,https://www.youtube.com/watch?v=NDEwXTjVg6Q&feature=share
84,Seattle Police Officer Pushes Bike Over Man's Head as He Lies on Ground ...,https://www.youtube.com/watch?v=NDEwXTjVg6Q&feature=share
85,Karen arrested for not wearing a mask,https://www.reddit.com/r/Ohio/comments/iywtyu/woman_tased_arrested_at_school_football_game/?utm_medium=android_app&utm_source=share
86,They really only have one solution,https://i.redd.it/p2h0voics5p51.jpg
87,WHY DID THEY KILL BREONNA TAYLOR,https://www.youtube.com/watch?v=lVFmssaMXOc&feature=share
88,Imagine doing this at your job and not getting fired immediately,https://v.redd.it/rvmnjn00v2p51
89,Justice For Breonna Taylor 92320,https://youtu.be/wvVogKEmVeg
90,American cares more about private property ..,https://i.redd.it/xszouugri2p51.png
91,Whistleblower Cop Exposes Corruption in Police Force,https://youtu.be/So1twqA1M7s
92,Police officers shot Brook Street and Broadway in Louisville,https://www.youtube.com/watch?v=WFUdzqag57Q&feature=share
93,If we were really as concerned about getting the right call for policing.,https://i.redd.it/2iw7wfvdxyo51.jpg
94,Melbourne Australia,https://v.redd.it/qwep3eb4quo51
95,RAW VIDEO Caldwell Excessive Force Traffic Stop,https://www.youtube.com/watch?v=6nzXl2hn0pc&feature=share
96,I've learned so much.,https://youtu.be/HZ3SSNJIQ2k
97,Memphis Police Officer pepper sprays & Assault handcuffed suspect in pol...,https://www.youtube.com/watch?v=Bl_Vc7jMv14&feature=share
98,Taiwan police set example for their HK counterpart,https://v.redd.it/r1ozfuc6rro51
99,13 year old with autism Shot by Salt Lake City Police Nearly 12 Times,https://www.youtube.com/watch?v=jr-LtQDJxwE&feature=share
